CREATE DATABASE  IF NOT EXISTS `order_sch` /*!40100 DEFAULT CHARACTER SET utf8mb4 COLLATE utf8mb4_0900_ai_ci */ /*!80016 DEFAULT ENCRYPTION='N' */;
USE `order_sch`;
-- MySQL dump 10.13  Distrib 8.0.44, for Win64 (x86_64)
--
-- Host: 127.0.0.1    Database: order_sch
-- ------------------------------------------------------
-- Server version	8.0.44

/*!40101 SET @OLD_CHARACTER_SET_CLIENT=@@CHARACTER_SET_CLIENT */;
/*!40101 SET @OLD_CHARACTER_SET_RESULTS=@@CHARACTER_SET_RESULTS */;
/*!40101 SET @OLD_COLLATION_CONNECTION=@@COLLATION_CONNECTION */;
/*!50503 SET NAMES utf8 */;
/*!40103 SET @OLD_TIME_ZONE=@@TIME_ZONE */;
/*!40103 SET TIME_ZONE='+00:00' */;
/*!40014 SET @OLD_UNIQUE_CHECKS=@@UNIQUE_CHECKS, UNIQUE_CHECKS=0 */;
/*!40014 SET @OLD_FOREIGN_KEY_CHECKS=@@FOREIGN_KEY_CHECKS, FOREIGN_KEY_CHECKS=0 */;
/*!40101 SET @OLD_SQL_MODE=@@SQL_MODE, SQL_MODE='NO_AUTO_VALUE_ON_ZERO' */;
/*!40111 SET @OLD_SQL_NOTES=@@SQL_NOTES, SQL_NOTES=0 */;

--
-- Table structure for table `orders`
--

DROP TABLE IF EXISTS `orders`;
/*!40101 SET @saved_cs_client     = @@character_set_client */;
/*!50503 SET character_set_client = utf8mb4 */;
CREATE TABLE `orders` (
  `order_number` int NOT NULL,
  `order_date` date NOT NULL,
  `number_of_guests` int NOT NULL,
  `confirmation_code` int NOT NULL,
  `subscriber_id` int NOT NULL,
  `date_of_placing_order` date NOT NULL,
  `order_time` varchar(10) DEFAULT NULL,
  `status` varchar(20) DEFAULT 'ACTIVE',
  `table_id` int DEFAULT NULL,
  `arrival_time` varchar(20) DEFAULT NULL,
  `exit_time` varchar(20) DEFAULT NULL,
  `client_email` varchar(50) DEFAULT NULL,
  `client_phone` varchar(20) DEFAULT NULL,
  `actual_arrival_time` varchar(20) DEFAULT NULL,
  `actual_leave_time` varchar(20) DEFAULT NULL,
  `client_name` varchar(50) DEFAULT NULL,
  PRIMARY KEY (`order_number`),
  KEY `fk_order_subscriber_idx_idx` (`subscriber_id`),
  KEY `fk_table_order` (`table_id`),
  CONSTRAINT `fk_order_subscriber_idx` FOREIGN KEY (`subscriber_id`) REFERENCES `subscribers` (`subscriber_id`),
  CONSTRAINT `fk_table_order` FOREIGN KEY (`table_id`) REFERENCES `restaurant_tables` (`table_id`)
) ENGINE=InnoDB DEFAULT CHARSET=utf8mb4 COLLATE=utf8mb4_0900_ai_ci;
/*!40101 SET character_set_client = @saved_cs_client */;

--
-- Dumping data for table `orders`
--

LOCK TABLES `orders` WRITE;
/*!40000 ALTER TABLE `orders` DISABLE KEYS */;
INSERT INTO `orders` VALUES (1,'2025-10-09',3,123,666,'2025-01-01','12:00','FINISHED',NULL,NULL,NULL,NULL,NULL,'12:15','13:45',NULL),(2,'2025-11-11',3,5678,12345,'2025-01-01','15:00','FINISHED',NULL,NULL,NULL,NULL,NULL,'15:00','16:30',NULL),(3,'2025-11-11',2,33123,888,'2025-11-11','12:00','FINISHED',NULL,NULL,NULL,NULL,NULL,'12:30','14:00',NULL),(4,'2025-01-05',2,1342,6767,'2025-01-04','16:00','FINISHED',NULL,NULL,NULL,NULL,NULL,'16:15','17:45',NULL),(5,'2025-02-02',2,1212132,888,'2025-02-02','14:00','FINISHED',NULL,NULL,NULL,NULL,NULL,'14:00','15:20',NULL),(6,'2035-06-06',2,100,1,'2025-01-01','12:00','APPROVED',NULL,NULL,NULL,NULL,NULL,NULL,NULL,NULL),(7,'2025-06-06',2,100,1,'2025-01-01','2:00','APPROVED',NULL,NULL,NULL,NULL,NULL,NULL,NULL,NULL),(8,'2026-01-12',2,100,1,'2025-01-01','19:00','APPROVED',NULL,NULL,NULL,NULL,NULL,NULL,NULL,NULL),(9,'2026-01-04',2,100,1,'2025-01-01','12:45','APPROVED',NULL,NULL,NULL,NULL,NULL,NULL,NULL,NULL),(10,'2026-01-02',2,100,1,'2025-01-01','14:32','NO_SHOW',NULL,NULL,NULL,NULL,NULL,NULL,NULL,NULL),(12,'2025-12-31',1,100,999,'2025-01-01','13:00','NO_SHOW',NULL,NULL,NULL,'SNHIM ASPDK','0523049392',NULL,NULL,NULL),(13,'2025-12-31',3,787533,999,'2025-01-01','15:00','NO_SHOW',NULL,NULL,NULL,'titi tata','052342341',NULL,NULL,NULL),(14,'2026-01-01',3,108605,12345,'2025-01-01','14:00','FINISHED',NULL,NULL,NULL,NULL,NULL,NULL,NULL,NULL),(15,'2026-01-01',2,895795,1,'2025-01-01','19:00','APPROVED',NULL,NULL,NULL,NULL,NULL,NULL,NULL,NULL),(16,'2026-01-01',2,179679,1,'2025-01-01','19:00','APPROVED',NULL,NULL,NULL,NULL,NULL,NULL,NULL,NULL),(17,'2026-01-01',2,519699,1,'2025-01-01','19:00','APPROVED',NULL,NULL,NULL,NULL,NULL,NULL,NULL,NULL),(18,'2026-01-01',2,561885,1,'2025-01-01','19:00','APPROVED',NULL,NULL,NULL,NULL,NULL,NULL,NULL,NULL),(21,'2026-01-01',2,984691,1,'2025-01-01','19:00','APPROVED',NULL,NULL,NULL,NULL,NULL,NULL,NULL,NULL),(22,'2026-01-01',2,967813,1,'2025-01-01','19:00','APPROVED',NULL,NULL,NULL,NULL,NULL,NULL,NULL,NULL),(24,'2026-01-03',2,708399,1,'2025-01-01','19:00','APPROVED',NULL,NULL,NULL,NULL,NULL,NULL,NULL,NULL),(25,'2026-01-03',2,300931,1,'2025-01-01','19:00','APPROVED',NULL,NULL,NULL,NULL,NULL,NULL,NULL,NULL),(26,'2026-01-03',2,735574,1,'2025-01-01','19:00','APPROVED',NULL,NULL,NULL,NULL,NULL,NULL,NULL,NULL),(28,'2026-01-03',2,286237,1,'2025-01-01','19:00','APPROVED',NULL,NULL,NULL,NULL,NULL,NULL,NULL,NULL),(29,'2026-01-03',2,591983,1,'2025-01-01','19:00','Cancelled',NULL,NULL,NULL,NULL,NULL,NULL,NULL,NULL),(31,'2028-01-01',2,927288,1,'2025-01-01','19:00','Cancelled',NULL,NULL,NULL,'',NULL,NULL,NULL,NULL),(32,'2026-01-03',2,488504,999,'2025-01-01','19:00','Cancelled',NULL,NULL,NULL,'rininini@mail','',NULL,NULL,NULL),(34,'2025-12-31',2,442015,1,'2025-01-01','15:55','NO_SHOW',NULL,NULL,NULL,'',NULL,NULL,NULL,NULL),(35,'2025-12-31',2,429917,1,'2025-01-01','16:20','ARRIVED',NULL,NULL,NULL,'',NULL,NULL,NULL,NULL),(36,'2026-01-10',2,894342,12345,'2025-01-01','19:00','APPROVED',NULL,NULL,NULL,'nitnint@walla.com',NULL,NULL,NULL,NULL),(37,'2026-01-02',4,452589,1,'2025-01-02','14:30','ARRIVED',NULL,NULL,NULL,'',NULL,NULL,NULL,NULL),(38,'2026-01-02',1,888944,1,'2025-01-01','15:30','NO_SHOW',NULL,NULL,NULL,'',NULL,NULL,NULL,NULL),(39,'2026-01-02',2,850170,1,'2025-01-01','17:10','FINISHED',NULL,NULL,NULL,'',NULL,NULL,NULL,NULL),(40,'2026-01-10',1,677273,12345,'2025-01-01','15:00','NO_SHOW',NULL,NULL,NULL,'ggggggg@walla.com',NULL,NULL,NULL,NULL),(41,'2026-01-10',2,340330,1,'2025-01-01','19:00','APPROVED',NULL,NULL,NULL,'',NULL,NULL,NULL,NULL),(42,'2026-01-10',4,398203,1,'2025-01-01','19:00','APPROVED',NULL,NULL,NULL,'',NULL,NULL,NULL,NULL),(43,'2026-01-10',3,915017,1,'2025-01-01','19:00','APPROVED',NULL,NULL,NULL,'',NULL,NULL,NULL,NULL),(44,'2026-01-10',6,306179,1,'2025-01-01','19:00','APPROVED',NULL,NULL,NULL,'',NULL,NULL,NULL,NULL),(45,'2026-01-10',2,208079,1,'2025-01-01','19:00','FINISHED',NULL,NULL,NULL,'',NULL,'13:00','14:30',NULL),(46,'2026-01-10',2,490905,1,'2025-01-01','19:00','FINISHED',NULL,NULL,NULL,'',NULL,'19:10','20:50',NULL),(47,'2026-01-09',2,289383,12345,'2026-01-06','19:30','PENDING',NULL,NULL,NULL,'ggggggg@walla.com',NULL,NULL,NULL,NULL),(48,'2026-01-09',2,948005,12345,'2026-01-06','15:00','Cancelled',NULL,NULL,NULL,'ggggggg@walla.com',NULL,NULL,NULL,NULL),(49,'2026-01-10',1,100469,999,'2026-01-06','21:00','FINISHED',NULL,NULL,NULL,'eeee@wwww.com','','21:05','22:45',NULL),(50,'2026-01-10',2,801017,999,'2026-01-06','21:30','FINISHED',NULL,NULL,NULL,'','025783286364','21:40','23:15',NULL),(51,'2026-01-10',2,797490,999,'2026-01-06','22:00','APPROVED',NULL,NULL,NULL,'','05203990822',NULL,NULL,NULL),(52,'2026-01-10',4,319625,1,'2026-01-06','21:00','APPROVED',NULL,NULL,NULL,'',NULL,NULL,NULL,NULL),(53,'2026-01-10',2,106113,12345,'2026-01-07','21:00','APPROVED',NULL,NULL,NULL,'ggggggg@walla.com',NULL,NULL,NULL,NULL),(54,'2026-01-19',3,519085,1,'2026-01-07','15:30','Cancelled',NULL,NULL,NULL,'',NULL,NULL,NULL,NULL),(55,'2026-01-14',5,550778,1,'2026-01-07','14:00','Cancelled',NULL,NULL,NULL,'',NULL,NULL,NULL,NULL),(56,'2026-01-19',2,818527,999,'2026-01-07','14:00','Cancelled',NULL,NULL,NULL,'s;keufkjh@walla.ocm','',NULL,NULL,NULL),(57,'2026-01-26',5,111286,1,'2026-01-07','13:30','Cancelled',NULL,NULL,NULL,'',NULL,NULL,NULL,NULL),(58,'2026-01-08',1,783832,454549,'2026-01-07','13:00','Cancelled',NULL,NULL,NULL,'abashimon@hamsa.com',NULL,NULL,NULL,NULL),(59,'2026-01-26',2,977446,999,'2026-01-07','13:30','Cancelled',NULL,NULL,NULL,'','2222222222',NULL,NULL,NULL),(60,'2026-01-07',4,413867,1,'2026-01-07','18:15','FINISHED',NULL,NULL,NULL,'',NULL,NULL,'18:18',NULL),(61,'2026-01-29',1,539264,454549,'2026-01-07','13:00','Cancelled',NULL,NULL,NULL,'abashimon@hamsa.com',NULL,NULL,NULL,NULL),(62,'2026-01-07',2,722779,1,'2026-01-07','18:30','FINISHED',NULL,NULL,NULL,'',NULL,'18:32','18:40',NULL),(63,'2026-01-10',2,420985,1,'2026-01-10','12:17','FINISHED',4,NULL,NULL,'',NULL,'12:17','12:19',NULL),(64,'2026-01-10',2,588983,1,'2026-01-10','12:25','FINISHED',5,NULL,NULL,'',NULL,'12:25','12:25',NULL),(65,'2026-01-10',1,537019,1,'2026-01-10','12:30','NO_SHOW',NULL,NULL,NULL,'',NULL,NULL,NULL,NULL),(66,'2026-01-10',2,105920,1,'2026-01-10','12:46','FINISHED',7,NULL,NULL,'',NULL,'12:46','12:46',NULL),(67,'2026-01-12',3,186704,1,'2026-01-10','12:00','APPROVED',NULL,NULL,NULL,'',NULL,NULL,NULL,NULL),(68,'2026-01-12',1,196857,1,'2026-01-10','12:00','APPROVED',NULL,NULL,NULL,'',NULL,NULL,NULL,NULL),(69,'2026-01-12',5,998894,1,'2026-01-10','12:00','APPROVED',NULL,NULL,NULL,'',NULL,NULL,NULL,NULL),(70,'2026-01-12',4,664769,1,'2026-01-10','12:00','APPROVED',NULL,NULL,NULL,'',NULL,NULL,NULL,NULL),(71,'2026-01-12',1,784012,1,'2026-01-10','12:00','APPROVED',NULL,NULL,NULL,'',NULL,NULL,NULL,NULL),(72,'2026-01-12',4,646841,1,'2026-01-10','12:00','APPROVED',NULL,NULL,NULL,'',NULL,NULL,NULL,NULL),(73,'2026-01-12',3,799182,1,'2026-01-10','12:00','APPROVED',NULL,NULL,NULL,'',NULL,NULL,NULL,NULL),(74,'2026-01-12',6,979523,1,'2026-01-10','12:00','APPROVED',NULL,NULL,NULL,'',NULL,NULL,NULL,NULL),(75,'2026-01-12',2,714154,1,'2026-01-10','12:00','Cancelled',NULL,NULL,NULL,'',NULL,NULL,NULL,NULL),(76,'2026-01-12',2,800258,999,'2026-01-10','12:00','APPROVED',NULL,NULL,NULL,'','0529387472',NULL,NULL,NULL),(77,'2026-01-18',4,357206,1,'2026-01-10','16:30','APPROVED',NULL,NULL,NULL,'',NULL,NULL,NULL,NULL),(78,'2026-01-18',4,178404,1,'2026-01-10','14:30','APPROVED',NULL,NULL,NULL,'',NULL,NULL,NULL,NULL),(79,'2026-01-18',6,510678,1,'2026-01-10','16:30','APPROVED',NULL,NULL,NULL,'',NULL,NULL,NULL,NULL),(80,'2026-01-18',4,221505,1,'2026-01-10','16:30','APPROVED',NULL,NULL,NULL,'',NULL,NULL,NULL,NULL),(81,'2026-01-18',2,665753,1,'2026-01-10','16:30','APPROVED',NULL,NULL,NULL,'',NULL,NULL,NULL,NULL),(82,'2026-01-18',3,435632,1,'2026-01-10','16:30','APPROVED',NULL,NULL,NULL,'',NULL,NULL,NULL,NULL),(83,'2026-01-18',1,819212,1,'2026-01-10','16:30','APPROVED',NULL,NULL,NULL,'',NULL,NULL,NULL,NULL),(84,'2026-01-18',5,886471,1,'2026-01-10','16:30','APPROVED',NULL,NULL,NULL,'',NULL,NULL,NULL,NULL),(85,'2026-01-18',2,341708,1,'2026-01-10','16:30','APPROVED',NULL,NULL,NULL,'',NULL,NULL,NULL,NULL),(86,'2026-01-18',2,715170,1,'2026-01-10','16:30','APPROVED',NULL,NULL,NULL,'',NULL,NULL,NULL,NULL),(87,'2026-01-18',3,415027,999,'2026-01-10','16:30','APPROVED',NULL,NULL,NULL,'','05461253698',NULL,NULL,NULL),(88,'2026-01-18',6,842870,999,'2026-01-10','16:30','WAITING',NULL,NULL,NULL,'','05627821232',NULL,NULL,NULL),(89,'2026-01-18',3,810124,999,'2026-01-10','16:30','Cancelled',NULL,NULL,NULL,'','05463821321',NULL,NULL,NULL),(90,'2026-01-10',2,552391,1,'2026-01-10','12:55','FINISHED',NULL,NULL,NULL,'',NULL,'12:55','14:55',NULL),(91,'2026-01-10',2,549576,1,'2026-01-10','16:25','APPROVED',NULL,NULL,NULL,'',NULL,NULL,NULL,NULL),(92,'2026-01-10',1,975150,1,'2026-01-10','16:00','NO_SHOW',NULL,NULL,NULL,'',NULL,NULL,NULL,NULL),(93,'2026-01-14',2,535667,1,'2026-01-10','18:30','FINISHED',4,NULL,NULL,'',NULL,'18:31','20:31',NULL),(94,'2026-01-18',3,664313,1,'2026-01-10','16:30','WAITING',NULL,NULL,NULL,'',NULL,NULL,NULL,NULL),(95,'2026-01-10',2,910005,1,'2026-01-10','15:20','FINISHED',6,NULL,NULL,'',NULL,'15:20','17:20',NULL),(96,'2026-01-10',2,264246,1,'2026-01-10','15:25','FINISHED',7,NULL,NULL,'',NULL,'15:26','17:26',NULL),(97,'2026-01-10',2,994362,12345,'2026-01-10','15:30','FINISHED',8,NULL,NULL,'',NULL,'15:30','17:32',NULL),(98,'2026-01-10',2,762912,999,'2026-01-10','17:30','WAITING',NULL,NULL,NULL,'','99999999',NULL,NULL,NULL),(99,'2026-01-14',1,222770,1,'2026-01-14','10:30','NO_SHOW',NULL,NULL,NULL,'',NULL,NULL,NULL,NULL),(100,'2026-01-14',2,933004,12345,'2026-01-14','10:30','NO_SHOW',NULL,NULL,NULL,'titi@yahoo.com',NULL,NULL,NULL,NULL),(101,'2026-01-14',3,849390,999,'2026-01-14','13:30','NO_SHOW',NULL,NULL,NULL,'','43',NULL,NULL,NULL),(102,'2026-01-14',3,515369,12345,'2026-01-14','13:30','Cancelled',3,NULL,NULL,'titi@yahoo.com',NULL,'13:36',NULL,NULL),(103,'2026-01-14',2,196075,1,'2026-01-14','13:45','FINISHED',4,NULL,NULL,'',NULL,'13:47','15:47',NULL),(104,'2026-01-15',1,107532,12345,'2026-01-14','13:00','NO_SHOW',NULL,NULL,NULL,'titi@yahoo.com',NULL,NULL,NULL,NULL),(105,'2026-01-14',1,346415,12345,'2026-01-14','14:59','FINISHED',NULL,NULL,NULL,'titi@yahoo.com',NULL,'14:59','16:59',NULL),(106,'2026-01-14',2,563799,999,'2026-01-14','15:15','FINISHED',NULL,NULL,NULL,'','0999999823','15:15','17:15',NULL),(107,'2026-01-14',2,685420,12345,'2026-01-14','15:15','FINISHED',NULL,NULL,NULL,'titi@yahoo.com',NULL,'15:15','17:15',NULL),(108,'2026-01-14',2,927346,12345,'2026-01-14','18:20','FINISHED',9,NULL,NULL,'titi@yahoo.com',NULL,'18:21','18:22',NULL),(109,'2026-01-14',1,822623,999,'2026-01-14','18:30','FINISHED',10,NULL,NULL,'','05412638970','18:35','18:36',NULL),(110,'2026-01-15',2,869718,1,'2026-01-15','19:30','NO_SHOW',NULL,NULL,NULL,'',NULL,NULL,NULL,NULL),(111,'2026-01-15',2,128640,1,'2026-01-15','14:30','NO_SHOW',NULL,NULL,NULL,'',NULL,NULL,NULL,NULL),(112,'2026-01-15',2,592827,12345,'2026-01-15','21:30','FINISHED',3,NULL,NULL,'titi@yahoo.com',NULL,'17:51','19:28',NULL),(113,'2026-01-15',6,372629,999,'2026-01-15','21:30','ACTIVE',4,NULL,NULL,'mabbaba@walla.com','0563263478','19:22',NULL,NULL),(114,'2026-01-15',2,414534,999,'2026-01-15','21:30','APPROVED',NULL,NULL,NULL,'mabbaba@walla.com','0563263478',NULL,NULL,NULL),(115,'2026-01-15',2,726935,454545,'2026-01-15','21:30','APPROVED',NULL,NULL,NULL,'hijhsdf@walla.com',NULL,NULL,NULL,NULL),(116,'2026-01-15',5,439794,454545,'2026-01-15','21:30','APPROVED',NULL,NULL,NULL,'hijhsdf@walla.com',NULL,NULL,NULL,NULL),(117,'2026-01-15',10,252747,454546,'2026-01-15','21:30','WAITING',NULL,NULL,NULL,'ronitcxhj@gmail.com',NULL,NULL,NULL,NULL),(118,'2026-01-16',1,269580,999,'2026-01-15','13:00','NO_SHOW',NULL,NULL,NULL,'','0000000',NULL,NULL,NULL),(119,'2026-01-18',1,855900,999,'2026-01-15','14:00','APPROVED',NULL,NULL,NULL,'','1111111111',NULL,NULL,NULL),(120,'2026-01-15',2,617317,999,'2026-01-15','22:00','APPROVED',NULL,NULL,NULL,'','1111111111',NULL,NULL,NULL),(121,'2026-01-15',2,854262,1,'2026-01-15','22:00','APPROVED',NULL,NULL,NULL,'',NULL,NULL,NULL,'AVI NO'),(122,'2026-01-15',2,175737,999,'2026-01-15','22:30','APPROVED',NULL,NULL,NULL,'','0555512346',NULL,NULL,NULL),(123,'2026-01-15',2,831745,999,'2026-01-15','22:30','APPROVED',NULL,NULL,NULL,'','123123123',NULL,NULL,NULL),(124,'2026-01-15',2,688213,999,'2026-01-15','19:50','FINISHED',5,NULL,NULL,'','109128371','20:02','21:00','aton mo'),(125,'2026-01-15',2,143444,12345,'2026-01-15','20:00','FINISHED',6,NULL,NULL,'titi@yahoo.com',NULL,'20:12','21:00',NULL),(126,'2026-01-18',2,950324,454559,'2026-01-16','17:30','APPROVED',NULL,NULL,NULL,'benjman@walla.com',NULL,NULL,NULL,NULL),(127,'2026-01-31',2,241157,999,'2026-01-16','15:00','APPROVED',NULL,NULL,NULL,'','0429203901',NULL,NULL,'specter'),(128,'2026-01-19',2,543516,1,'2026-01-16','15:00','APPROVED',NULL,NULL,NULL,'',NULL,NULL,NULL,NULL),(129,'2026-01-19',4,206369,1,'2026-01-16','15:00','APPROVED',NULL,NULL,NULL,'',NULL,NULL,NULL,NULL),(130,'2026-01-19',4,570216,1,'2026-01-16','15:00','APPROVED',NULL,NULL,NULL,'',NULL,NULL,NULL,NULL),(131,'2026-01-19',2,612551,1,'2026-01-16','15:00','APPROVED',NULL,NULL,NULL,'',NULL,NULL,NULL,NULL),(132,'2026-01-19',6,463134,1,'2026-01-16','15:00','APPROVED',NULL,NULL,NULL,'',NULL,NULL,NULL,NULL),(133,'2026-01-19',8,610637,1,'2026-01-16','15:00','APPROVED',NULL,NULL,NULL,'',NULL,NULL,NULL,NULL),(134,'2026-01-19',2,470018,1,'2026-01-16','15:00','APPROVED',NULL,NULL,NULL,'',NULL,NULL,NULL,NULL),(135,'2026-01-19',3,454668,1,'2026-01-16','15:00','APPROVED',NULL,NULL,NULL,'',NULL,NULL,NULL,NULL),(136,'2026-01-19',6,550636,1,'2026-01-16','15:00','APPROVED',NULL,NULL,NULL,'',NULL,NULL,NULL,NULL),(137,'2026-01-19',2,543437,1,'2026-01-16','15:00','Cancelled',NULL,NULL,NULL,'',NULL,NULL,NULL,NULL),(138,'2026-01-16',2,826412,999,'2026-01-16','15:00','FINISHED',9,NULL,NULL,'','05201293212','15:03','15:03','linkin park'),(139,'2026-01-16',2,121070,1,'2026-01-16','15:30','NO_SHOW',NULL,NULL,NULL,'',NULL,NULL,NULL,NULL),(140,'2026-01-16',2,785140,12345,'2026-01-16','15:02','NO_SHOW',1,NULL,NULL,'titi@yahoo.com',NULL,'','',NULL),(141,'2026-01-16',3,736233,1,'2026-01-16','15:30','FINISHED',2,NULL,NULL,'',NULL,'15:23','19:19',NULL),(142,'2026-01-17',2,304286,1,'2026-01-17','21:00','APPROVED',NULL,NULL,NULL,'',NULL,NULL,NULL,NULL);
/*!40000 ALTER TABLE `orders` ENABLE KEYS */;
UNLOCK TABLES;

--
-- Table structure for table `restaurant_settings`
--

DROP TABLE IF EXISTS `restaurant_settings`;
/*!40101 SET @saved_cs_client     = @@character_set_client */;
/*!50503 SET character_set_client = utf8mb4 */;
CREATE TABLE `restaurant_settings` (
  `day_of_week` varchar(10) DEFAULT NULL,
  `open_time` varchar(10) DEFAULT NULL,
  `close_time` varchar(10) DEFAULT NULL
) ENGINE=InnoDB DEFAULT CHARSET=utf8mb4 COLLATE=utf8mb4_0900_ai_ci;
/*!40101 SET character_set_client = @saved_cs_client */;

--
-- Dumping data for table `restaurant_settings`
--

LOCK TABLES `restaurant_settings` WRITE;
/*!40000 ALTER TABLE `restaurant_settings` DISABLE KEYS */;
INSERT INTO `restaurant_settings` VALUES ('Sunday','10:00','23:30'),('Monday','11:00','23:00'),('Tuesday','12:00','23:00'),('Wednesday','12:00','23:00'),('Thursday','12:00','23:00'),('Friday','12:00','17:00'),('Saturday','19:00','23:59'),('2026-01-12','12:00','15:00'),('2026-01-25','9:00','14:00'),('2026-04-01','12:00','15:00'),('2026-01-22','11:00','12:00'),('2026-01-13','9:00','17:00'),('2026-01-10','12:00','23:30'),('2026-01-14','10:00','18:00'),('2026-01-31','9:00','14:00');
/*!40000 ALTER TABLE `restaurant_settings` ENABLE KEYS */;
UNLOCK TABLES;

--
-- Table structure for table `restaurant_tables`
--

DROP TABLE IF EXISTS `restaurant_tables`;
/*!40101 SET @saved_cs_client     = @@character_set_client */;
/*!50503 SET character_set_client = utf8mb4 */;
CREATE TABLE `restaurant_tables` (
  `table_id` int NOT NULL,
  `number_of_seats` int DEFAULT NULL,
  PRIMARY KEY (`table_id`)
) ENGINE=InnoDB DEFAULT CHARSET=utf8mb4 COLLATE=utf8mb4_0900_ai_ci;
/*!40101 SET character_set_client = @saved_cs_client */;

--
-- Dumping data for table `restaurant_tables`
--

LOCK TABLES `restaurant_tables` WRITE;
/*!40000 ALTER TABLE `restaurant_tables` DISABLE KEYS */;
INSERT INTO `restaurant_tables` VALUES (1,4),(2,4),(3,2),(4,2),(5,6),(6,8),(7,2),(8,3),(9,6),(10,2),(11,2);
/*!40000 ALTER TABLE `restaurant_tables` ENABLE KEYS */;
UNLOCK TABLES;

--
-- Table structure for table `subscribers`
--

DROP TABLE IF EXISTS `subscribers`;
/*!40101 SET @saved_cs_client     = @@character_set_client */;
/*!50503 SET character_set_client = utf8mb4 */;
CREATE TABLE `subscribers` (
  `subscriber_id` int NOT NULL,
  `username` varchar(50) DEFAULT NULL,
  `name` varchar(45) DEFAULT NULL,
  `surname` varchar(45) DEFAULT NULL,
  `phone_number` varchar(45) DEFAULT NULL,
  `email` varchar(45) DEFAULT NULL,
  PRIMARY KEY (`subscriber_id`)
) ENGINE=InnoDB DEFAULT CHARSET=utf8mb4 COLLATE=utf8mb4_0900_ai_ci;
/*!40101 SET character_set_client = @saved_cs_client */;

--
-- Dumping data for table `subscribers`
--

LOCK TABLES `subscribers` WRITE;
/*!40000 ALTER TABLE `subscribers` DISABLE KEYS */;
INSERT INTO `subscribers` VALUES (1,'tatte','tate','moshen','0584302139','asiudyfui@yahoo.com'),(111,'rrni','rani','rahav','0512313212','ranirahav@gmail.com'),(666,'rni2w','roni','neta','0522349245','ronit@walla.com'),(888,'tinoam','titi','noam','0541982371','nbctiti@gmail.com'),(999,NULL,'Casual','Guest','0000000000','guest@bistro.com'),(6767,'ntinri','nati','nori','0549812012','natuio@hotmail.com'),(12345,'titi','nitzan','cohen','0523980867','titi@yahoo.com'),(454545,'kppo','kapo','kfkk','052345743','hijhsdf@walla.com'),(454546,'aagd','ronit','coehcn','05673760912','ronitcxhj@gmail.com'),(454547,'pp00','gigi','hadid','0582384769','ALAH@walla.com'),(454548,'rattoi019','rat','ota','05678987678','ratta@gmail.com'),(454549,'AbaShimon555','aba','shimon','0555522222','abashimon@hamsa.com'),(454550,'sdfdsf','alayo','zangavil','66666666666','sjajkdsk@walla.com'),(454551,'rotemrotem','rotem','rotem','0568925464','rotrot@walla.com'),(454552,'peled_avi','peled','avram','0504798239','ppppp@walla.com'),(454553,'asdasd','khhjkjh','jhgjh','879978978798','32324432'),(454554,'baba1','baba','ganoush','054221321','sldjfhksjdn@ggg.com'),(454555,'benitzor','beni','tzor','0529324809','bbnnnn@hotmail.com'),(454556,'alex123','titin','ski','0567823742','alexT@walla.com'),(454557,'harryP','harry','potter','05219208381','potter@hotmail.com'),(454558,'tehila_1','tehila','BD','0564273456','ttttt@gmail.com'),(454559,'benjiman','benji','man','05671980111','benjman@walla.com'),(454560,'avi_ron','avi','ron','0580911239','avgava@gmail.com');
/*!40000 ALTER TABLE `subscribers` ENABLE KEYS */;
UNLOCK TABLES;

--
-- Table structure for table `users`
--

DROP TABLE IF EXISTS `users`;
/*!40101 SET @saved_cs_client     = @@character_set_client */;
/*!50503 SET character_set_client = utf8mb4 */;
CREATE TABLE `users` (
  `id` int NOT NULL AUTO_INCREMENT,
  `username` varchar(50) NOT NULL,
  `password` varchar(50) NOT NULL,
  `user_type` varchar(20) NOT NULL,
  `first_name` varchar(50) DEFAULT NULL,
  `last_name` varchar(50) DEFAULT NULL,
  `is_logged_in` tinyint(1) DEFAULT '0',
  PRIMARY KEY (`id`),
  UNIQUE KEY `username` (`username`)
) ENGINE=InnoDB AUTO_INCREMENT=3 DEFAULT CHARSET=utf8mb4 COLLATE=utf8mb4_0900_ai_ci;
/*!40101 SET character_set_client = @saved_cs_client */;

--
-- Dumping data for table `users`
--

LOCK TABLES `users` WRITE;
/*!40000 ALTER TABLE `users` DISABLE KEYS */;
INSERT INTO `users` VALUES (1,'admin','1234','Manager','Elroy Kai','Green',0),(2,'staff1','1234','Staff','Staff','Member',0);
/*!40000 ALTER TABLE `users` ENABLE KEYS */;
UNLOCK TABLES;
/*!40103 SET TIME_ZONE=@OLD_TIME_ZONE */;

/*!40101 SET SQL_MODE=@OLD_SQL_MODE */;
/*!40014 SET FOREIGN_KEY_CHECKS=@OLD_FOREIGN_KEY_CHECKS */;
/*!40014 SET UNIQUE_CHECKS=@OLD_UNIQUE_CHECKS */;
/*!40101 SET CHARACTER_SET_CLIENT=@OLD_CHARACTER_SET_CLIENT */;
/*!40101 SET CHARACTER_SET_RESULTS=@OLD_CHARACTER_SET_RESULTS */;
/*!40101 SET COLLATION_CONNECTION=@OLD_COLLATION_CONNECTION */;
/*!40111 SET SQL_NOTES=@OLD_SQL_NOTES */;

-- Dump completed on 2026-01-17 18:57:12
